0.0300529490311139,10.9477463133403,-0.130440540697008,0.0039,3.95089178984761,1.0104852872932,-3
0.0362550538468159,10.9474421093269,-0.145548293076211,0.0039,3.95089178984761,1.0104852872932,-3
0.044528210217711,10.9470777310856,-0.222198139052863,0.0039,3.95089178984761,1.0104852872932,-3
0.0942990400507188,10.9451754586898,-0.0210490762732518,0.0039,3.95089178984761,1.0104852872932,-3
0.103328438995112,10.9446177911639,0.00824058467333258,0.0039,3.95089178984761,1.0104852872932,-3
0.133446954473236,10.9430830670015,-0.122973702063698,0.0039,3.95089178984761,1.0104852872932,-3
0.149722953401858,10.9423775532759,-0.129905367051499,0.0039,3.95089178984761,1.0104852872932,-3
0.174276482213808,10.9412544467279,-0.0599351718915711,0.0039,3.95089178984761,1.0104852872932,-3
0.188155370510083,10.9405641625342,-0.0453041530255414,0.0039,3.95089178984761,1.0104852872932,-3
0.212999053423354,10.9393148935733,-0.00966795846587144,0.0039,3.95089178984761,1.0104852872932,-3
0.298682614467228,10.9341215255818,0.167995269740027,0.0039,3.95089178984761,1.0104852872932,-3
0.299875312275565,10.934040490706,0.170341502666202,0.0039,3.95089178984761,1.0104852872932,-3
0.344235664719743,10.9308104303422,0.218138812225719,0.0039,3.95089178984761,1.0104852872932,-3
0.344268405697735,10.9308019371339,0.218209488173648,0.0039,3.95089178984761,1.0104852872932,-3
0.37056597989479,10.9287883871752,0.249979695167091,0.0039,3.95089178984761,1.0104852872932,-3
0.400070071768559,10.9263517989611,0.305157612950241,0.0039,3.95089178984761,1.0104852872932,-3
0.404871779004518,10.925943448071,0.299843760572208,0.0039,3.95089178984761,1.0104852872932,-3
0.423394927477213,10.9243785951865,0.304782496802875,0.0039,3.95089178984761,1.0104852872932,-3
0.501880846296148,10.9168228037959,0.482030227282356,0.0039,3.95089178984761,1.0104852872932,-3
0.507473740794847,10.9161628399995,0.506977393105798,0.0039,3.95089178984761,1.0104852872932,-3
0.526440166346168,10.9135154929352,0.605477980895226,0.0039,3.95089178984761,1.0104852872932,-3
0.527804710994225,10.9133262193814,0.610092674303472,0.0039,3.95089178984761,1.0104852872932,-3
0.54620165617522,10.9104152558163,0.638697484251508,0.0039,3.95089178984761,1.0104852872932,-3
0.56876253066177,10.9069208656867,0.610020096815192,0.0039,3.95089178984761,1.0104852872932,-3
0.583844319548926,10.9047350173649,0.60746348440274,0.0039,3.95089178984761,1.0104852872932,-3
0.607325303446364,10.9011902680097,0.657760215939457,0.0039,3.95089178984761,1.0104852872932,-3
0.707476180871979,10.8832361123905,0.756723578194629,0.0039,3.95089178984761,1.0104852872932,-3
0.722437739350384,10.8803862415091,0.791001710151626,0.0039,3.95089178984761,1.0104852872932,-3
0.765988379170788,10.8717754365278,0.791292797286124,0.0039,3.95089178984761,1.0104852872932,-3
0.770038777960217,10.8710159957996,0.791340680890659,0.0039,3.95089178984761,1.0104852872932,-3
0.77731116341207,10.86964176972,0.79142732741315,0.0039,3.95089178984761,1.0104852872932,-3
0.837661097331794,10.8576918310912,0.836668373537107,0.0039,3.95089178984761,1.0104852872932,-3
0.87276421277535,10.8507309138114,0.837139105831388,0.0039,3.95089178984761,1.0104852872932,-3
0.910355672433901,10.8432720454477,0.85879147334179,0.0039,3.95089178984761,1.0104852872932,-3
0.962039565708857,10.8330465949827,0.849752388175739,0.0039,3.95089178984761,1.0104852872932,-3
0.992865275478576,10.8272569281849,0.838705823489144,0.0039,3.95089178984761,1.0104852872932,-3
1.00862563117772,10.8243687067339,0.84378294673372,0.0039,3.95089178984761,1.0104852872932,-3
1.01758111246154,10.8227272998725,0.847624227580291,0.0039,3.95089178984761,1.0104852872932,-3
1.01937890690127,10.8224014993089,0.848498730290938,0.0039,3.95089178984761,1.0104852872932,-3
1.02189063682063,10.8219360699323,0.849748019877577,0.0039,3.95089178984761,1.0104852872932,-3
1.0510309216079,10.8165396816178,0.873752831101263,0.0039,3.95089178984761,1.0104852872932,-3
1.12616617559253,10.8008634664749,0.964907860841435,0.0039,3.95089178984761,1.0104852872932,-3
1.14854803610601,10.7958677322283,0.969708616154885,0.0039,3.95089178984761,1.0104852872932,-3
1.17932934069292,10.7891431317966,0.94441234209086,0.0039,3.95089178984761,1.0104852872932,-3
1.18413284308189,10.7881543424542,0.939119693682319,0.0039,3.95089178984761,1.0104852872932,-3
1.18814807781455,10.7873509511135,0.934819416850379,0.0039,3.95089178984761,1.0104852872932,-3
1.23840915585934,10.7774638727497,0.928845645797975,0.0039,3.95089178984761,1.0104852872932,-3
1.23871165446035,10.7774028864459,0.928961528795446,0.0039,3.95089178984761,1.0104852872932,-3
1.24809523212468,10.77553375927,0.934547732541261,0.0039,3.95089178984761,1.0104852872932,-3
0.00760949290643236,7.96295641874908,-2.87835273906452,0.0061,1.06560110238981,0.500519212561219,-2.5
0.0470415120093427,7.95926419558611,-2.84093018376264,0.0061,1.06560110238981,0.500519212561219,-2.5
0.0563777983789048,7.95843123575571,-2.86961148757148,0.0061,1.06560110238981,0.500519212561219,-2.5
0.126765147589808,7.95302162037684,-2.88107206382567,0.0061,1.06560110238981,0.500519212561219,-2.5
0.145012315416112,7.95157404140956,-2.84247931464019,0.0061,1.06560110238981,0.500519212561219,-2.5
0.155692398398336,7.95068118346028,-2.82399465884813,0.0061,1.06560110238981,0.500519212561219,-2.5
0.158356918167412,7.95045579282187,-2.81515874811144,0.0061,1.06560110238981,0.500519212561219,-2.5
0.228143264407918,7.94359967113222,-2.70126840821558,0.0061,1.06560110238981,0.500519212561219,-2.5
0.264471774528053,7.93993030171368,-2.69129010885977,0.0061,1.06560110238981,0.500519212561219,-2.5
0.271119377627302,7.93924666664137,-2.68179581326994,0.0061,1.06560110238981,0.500519212561219,-2.5
0.321300373095144,7.93406952285406,-2.66476009298284,0.0061,1.06560110238981,0.500519212561219,-2.5
0.348132204784762,7.93132010150229,-2.63685079740772,0.0061,1.06560110238981,0.500519212561219,-2.5
0.361453891504627,7.92989581421694,-2.61413701176155,0.0061,1.06560110238981,0.500519212561219,-2.5
0.403874796958654,7.9250249414441,-2.53507110125444,0.0061,1.06560110238981,0.500519212561219,-2.5
0.408108288420436,7.92448219646203,-2.52156406420269,0.0061,1.06560110238981,0.500519212561219,-2.5
0.465517737309822,7.91630381868447,-2.42874907596048,0.0061,1.06560110238981,0.500519212561219,-2.5
0.487664486046661,7.91300712836775,-2.4222905785291,0.0061,1.06560110238981,0.500519212561219,-2.5
0.574452343850538,7.89819335652914,-2.28270976240927,0.0061,1.06560110238981,0.500519212561219,-2.5
0.593892492831965,7.89447400860351,-2.27407198648372,0.0061,1.06560110238981,0.500519212561219,-2.5
0.601810479681096,7.89294393557349,-2.26264730418131,0.0061,1.06560110238981,0.500519212561219,-2.5
0.616471439494237,7.88997873365184,-2.23034376189935,0.0061,1.06560110238981,0.500519212561219,-2.5
0.633372569658601,7.88639003779672,-2.21046113134087,0.0061,1.06560110238981,0.500519212561219,-2.5
0.637011617286751,7.88561675404699,-2.2077537855999,0.0061,1.06560110238981,0.500519212561219,-2.5
0.673374122395164,7.87753866253094,-2.1723120804701,0.0061,1.06560110238981,0.500519212561219,-2.5
0.681847276471647,7.87553717204554,-2.15687428692963,0.0061,1.06560110238981,0.500519212561219,-2.5
0.705707749609647,7.86975433482471,-2.12513901408439,0.0061,1.06560110238981,0.500519212561219,-2.5
0.72163870585597,7.86578652854121,-2.12635118570396,0.0061,1.06560110238981,0.500519212561219,-2.5
0.746774558086164,7.85961804229543,-2.11953834456487,0.0061,1.06560110238981,0.500519212561219,-2.5
0.765060445374601,7.85508153621843,-2.1112255467392,0.0061,1.06560110238981,0.500519212561219,-2.5
0.784177893462425,7.8503149900352,-2.1034472352137,0.0061,1.06560110238981,0.500519212561219,-2.5
0.790756850151759,7.84866542233813,-2.10055835193856,0.0061,1.06560110238981,0.500519212561219,-2.5
0.801394357647773,7.84600059559756,-2.0951566790132,0.0061,1.06560110238981,0.500519212561219,-2.5
0.826845550679978,7.8395375430414,-2.09019189539406,0.0061,1.06560110238981,0.500519212561219,-2.5
0.86579138025726,7.82995897740334,-2.09528191090475,0.0061,1.06560110238981,0.500519212561219,-2.5
0.878629258444845,7.8268520785886,-2.09484716114107,0.0061,1.06560110238981,0.500519212561219,-2.5
0.8820797770067,7.82601778274965,-2.0943747042343,0.0061,1.06560110238981,0.500519212561219,-2.5
0.899739717780087,7.82174795959758,-2.08940329234927,0.0061,1.06560110238981,0.500519212561219,-2.5
0.955474950902012,7.80819888085612,-2.07543062653893,0.0061,1.06560110238981,0.500519212561219,-2.5
0.972757759715299,7.80397784256157,-2.06485359596162,0.0061,1.06560110238981,0.500519212561219,-2.5
1.00465384622728,7.79603189193916,-2.04726849126418,0.0061,1.06560110238981,0.500519212561219,-2.5
1.0190420395625,7.79244469219475,-2.04031671368291,0.0061,1.06560110238981,0.500519212561219,-2.5
1.03889134206179,7.78736561415914,-2.02790407849589,0.0061,1.06560110238981,0.500519212561219,-2.5
1.04888364475279,7.78470443320327,-2.01538472423644,0.0061,1.06560110238981,0.500519212561219,-2.5
1.05851230507504,7.78214958496917,-2.00368227948485,0.0061,1.06560110238981,0.500519212561219,-2.5
1.06657320643652,7.77987859637241,-1.99463447209609,0.0061,1.06560110238981,0.500519212561219,-2.5
1.06755960646638,7.7796588232824,-1.99375887783266,0.0061,1.06560110238981,0.500519212561219,-2.5
1.06961359735641,7.77907276170904,-1.99142395979686,0.0061,1.06560110238981,0.500519212561219,-2.5
1.21255640176166,7.735532502032,-1.90053590923485,0.0061,1.06560110238981,0.500519212561219,-2.5
1.22482867048429,7.73148046760906,-1.89609938740215,0.0061,1.06560110238981,0.500519212561219,-2.5
1.24017154265591,7.7264171482615,-1.89160122012768,0.0061,1.06560110238981,0.500519212561219,-2.5
0.00256339586650654,8.05914018993265,-2.32399729402092,0.015,3.958716403637,1.40936806066701,-3
0.0579883236665168,8.04272061941169,-2.24002071603812,0.015,3.958716403637,1.40936806066701,-3
0.0881247286783337,8.03315098295127,-2.17519363766821,0.015,3.958716403637,1.40936806066701,-3
0.103887937588606,8.02761776470098,-2.13716597825733,0.015,3.958716403637,1.40936806066701,-3
0.125152034288761,8.01979773203858,-2.12240654407799,0.015,3.958716403637,1.40936806066701,-3
0.133832068236562,8.01660824848302,-2.15291836283198,0.015,3.958716403637,1.40936806066701,-3
0.141304801036929,8.01388127048175,-2.12941009520938,0.015,3.958716403637,1.40936806066701,-3
0.150558463041356,8.01048636753607,-2.13367690173287,0.015,3.958716403637,1.40936806066701,-3
0.167221749661787,8.00417671910559,-2.09079659136907,0.015,3.958716403637,1.40936806066701,-3
0.201863693113825,7.99017117061658,-2.06128848406832,0.015,3.958716403637,1.40936806066701,-3
0.219646696925826,7.98267661075579,-2.05354593904503,0.015,3.958716403637,1.40936806066701,-3
0.231120940749243,7.97794296826198,-2.06972496000941,0.015,3.958716403637,1.40936806066701,-3
0.24987871311734,7.97002981858566,-2.04619308961926,0.015,3.958716403637,1.40936806066701,-3
0.266406576529312,7.96280983934546,-2.02128415829935,0.015,3.958716403637,1.40936806066701,-3
0.272167727990262,7.96017285926357,-2.01074269816687,0.015,3.958716403637,1.40936806066701,-3
0.307894303349614,7.94242354161665,-1.96255456063464,0.015,3.958716403637,1.40936806066701,-3
0.362148047115753,7.91208507790372,-1.89015436042925,0.015,3.958716403637,1.40936806066701,-3
0.373107407293984,7.90529288567103,-1.85911556373615,0.015,3.958716403637,1.40936806066701,-3
0.399022300187692,7.88886374718337,-1.86700998367305,0.015,3.958716403637,1.40936806066701,-3
0.406240312247653,7.88418784117327,-1.8614762325874,0.015,3.958716403637,1.40936806066701,-3
0.416415841010236,7.87753054253056,-1.85034254725491,0.015,3.958716403637,1.40936806066701,-3
0.426298194346229,7.87070582019985,-1.8252646659757,0.015,3.958716403637,1.40936806066701,-3
0.473209851416802,7.83699920492483,-1.82299163490872,0.015,3.958716403637,1.40936806066701,-3
0.511010333625835,7.80911807962648,-1.82508482181563,0.015,3.958716403637,1.40936806066701,-3
0.516914096111251,7.80468839895816,-1.80159213450814,0.015,3.958716403637,1.40936806066701,-3
0.542668068266117,7.78413047770373,-1.78777570502494,0.015,3.958716403637,1.40936806066701,-3
0.548288887822287,7.7793932945775,-1.7645042435279,0.015,3.958716403637,1.40936806066701,-3
0.550551976050226,7.77739869115593,-1.75470573342388,0.015,3.958716403637,1.40936806066701,-3
0.568400065616306,7.76129442576715,-1.73896184031392,0.015,3.958716403637,1.40936806066701,-3
0.585384340682963,7.74545277002948,-1.73936583676518,0.015,3.958716403637,1.40936806066701,-3
0.608468721083029,7.72352183957047,-1.73398255931961,0.015,3.958716403637,1.40936806066701,-3
0.675629204031781,7.65794358887295,-1.78958145065148,0.015,3.958716403637,1.40936806066701,-3
0.687378272704359,7.64720945397819,-1.79621637308608,0.015,3.958716403637,1.40936806066701,-3
0.688554889768811,7.64608720372787,-1.79548290796253,0.015,3.958716403637,1.40936806066701,-3
0.74308985209021,7.59544264100231,-1.78845795342348,0.015,3.958716403637,1.40936806066701,-3
0.750602960266331,7.58810316298011,-1.78528878986289,0.015,3.958716403637,1.40936806066701,-3
0.782111393806418,7.55776760982058,-1.81842750917606,0.015,3.958716403637,1.40936806066701,-3
0.795998198060365,7.54449820879009,-1.82263698820652,0.015,3.958716403637,1.40936806066701,-3
0.796408680019804,7.54412042073064,-1.82270775552267,0.015,3.958716403637,1.40936806066701,-3
0.82410592214478,7.51763459081183,-1.83468310985516,0.015,3.958716403637,1.40936806066701,-3
0.992764155520147,7.36340658128703,-1.92894616461366,0.015,3.958716403637,1.40936806066701,-3
1.03505512154709,7.32478868933584,-1.95173623805237,0.015,3.958716403637,1.40936806066701,-3
1.05287613229507,7.30907494061678,-1.97424849642826,0.015,3.958716403637,1.40936806066701,-3
1.08329994096432,7.28294712947766,-1.99496010501252,0.015,3.958716403637,1.40936806066701,-3
1.1764509503253,7.20574909311248,-2.05629939929815,0.015,3.958716403637,1.40936806066701,-3
1.18512683407423,7.19887538998232,-2.06485729161614,0.015,3.958716403637,1.40936806066701,-3
1.18715859375123,7.19721622026124,-2.06692298976187,0.015,3.958716403637,1.40936806066701,-3
1.19178078315428,7.19366085657323,-2.07134948578842,0.015,3.958716403637,1.40936806066701,-3
1.22163968569844,7.17013516347723,-2.07951340960635,0.015,3.958716403637,1.40936806066701,-3
1.23597150540817,7.1589248410486,-2.07851926051124,0.015,3.958716403637,1.40936806066701,-3
0.0167923112775788,10.880497219392,-0.0278923285417532,4e-04,0.324374667404865,0.126617545644137,-2
0.075096383025643,10.8758649152446,0.0527608600382765,4e-04,0.324374667404865,0.126617545644137,-2
0.137270844017761,10.8701991382334,0.123275232683563,4e-04,0.324374667404865,0.126617545644137,-2
0.150929475615685,10.8688547004357,0.172151585631136,4e-04,0.324374667404865,0.126617545644137,-2
0.170476240971016,10.8667536242534,0.221234372104555,4e-04,0.324374667404865,0.126617545644137,-2
0.211833381018095,10.8618859117379,0.276926331547267,4e-04,0.324374667404865,0.126617545644137,-2
0.215832725475157,10.8613960349423,0.290725846765475,4e-04,0.324374667404865,0.126617545644137,-2
0.267356461927724,10.8549040320004,0.37062905117091,4e-04,0.324374667404865,0.126617545644137,-2
0.272186844903248,10.8542207957538,0.36973039997445,4e-04,0.324374667404865,0.126617545644137,-2
0.274388783968359,10.8539076458075,0.369318518176072,4e-04,0.324374667404865,0.126617545644137,-2
0.299326605188858,10.8501915237984,0.430055718890909,4e-04,0.324374667404865,0.126617545644137,-2
0.308010496617585,10.848819876096,0.440302655614708,4e-04,0.324374667404865,0.126617545644137,-2
0.377582725892788,10.8359064480959,0.628685234709967,4e-04,0.324374667404865,0.126617545644137,-2
0.445274909319662,10.8171208694439,0.792324438111444,4e-04,0.324374667404865,0.126617545644137,-2
0.445915494626929,10.8169264811624,0.79433033858827,4e-04,0.324374667404865,0.126617545644137,-2
0.44640136563041,10.8167675367719,0.795497089683276,4e-04,0.324374667404865,0.126617545644137,-2
0.451021347714328,10.8152634433576,0.796611108025063,4e-04,0.324374667404865,0.126617545644137,-2
0.495948614296368,10.8001232534413,0.861139163676173,4e-04,0.324374667404865,0.126617545644137,-2
0.534562868804492,10.7843851784181,0.936033766760588,4e-04,0.324374667404865,0.126617545644137,-2
0.570633756010502,10.7685628178227,0.968363986119941,4e-04,0.324374667404865,0.126617545644137,-2
0.581243838259962,10.7635923565072,0.980469669260289,4e-04,0.324374667404865,0.126617545644137,-2
0.582276549963091,10.7630843930715,0.981377395208395,4e-04,0.324374667404865,0.126617545644137,-2
0.585325082970333,10.7616330689694,0.98397089791727,4e-04,0.324374667404865,0.126617545644137,-2
0.634158468035116,10.7359640951038,1.05933057025941,4e-04,0.324374667404865,0.126617545644137,-2
0.636774579333875,10.7344678369678,1.06366850997566,4e-04,0.324374667404865,0.126617545644137,-2
0.675197801362284,10.7108429455608,1.12206355199238,4e-04,0.324374667404865,0.126617545644137,-2
0.713085170177146,10.6843131413305,1.15020508991041,4e-04,0.324374667404865,0.126617545644137,-2
0.72244581884419,10.6776708460773,1.14790018038303,4e-04,0.324374667404865,0.126617545644137,-2
0.788953900486866,10.6289481070071,1.1507591720173,4e-04,0.324374667404865,0.126617545644137,-2
0.801706043863354,10.6193748441741,1.1551610225462,4e-04,0.324374667404865,0.126617545644137,-2
0.822015040211703,10.6035979499541,1.1699478510536,4e-04,0.324374667404865,0.126617545644137,-2
0.835459616318918,10.5928991266055,1.17131509506644,4e-04,0.324374667404865,0.126617545644137,-2
0.837914798196397,10.5909215380673,1.17082122327826,4e-04,0.324374667404865,0.126617545644137,-2
0.862064835829099,10.5714532354581,1.16785488996483,4e-04,0.324374667404865,0.126617545644137,-2
0.877960878917556,10.5585437161485,1.16840517041014,4e-04,0.324374667404865,0.126617545644137,-2
0.941988999823273,10.5023614368123,1.1876185687611,4e-04,0.324374667404865,0.126617545644137,-2
0.949831140522447,10.4952922337502,1.19811368671973,4e-04,0.324374667404865,0.126617545644137,-2
0.96133839419469,10.4842639673902,1.21019624989004,4e-04,0.324374667404865,0.126617545644137,-2
0.984385362562939,10.4609599098566,1.21804277230837,4e-04,0.324374667404865,0.126617545644137,-2
0.990452978894489,10.454753199669,1.21647649691622,4e-04,0.324374667404865,0.126617545644137,-2
1.08569910480426,10.353275317288,1.17649015052351,4e-04,0.324374667404865,0.126617545644137,-2
1.08647336579389,10.3524001597486,1.17644185601924,4e-04,0.324374667404865,0.126617545644137,-2
1.08907545472878,10.3494829679507,1.17628087433834,4e-04,0.324374667404865,0.126617545644137,-2
1.11815392948134,10.3180026210692,1.16954257431669,4e-04,0.324374667404865,0.126617545644137,-2
1.14415955321699,10.2891084113615,1.15701899194235,4e-04,0.324374667404865,0.126617545644137,-2
1.17335223365726,10.2563441264753,1.14358712815058,4e-04,0.324374667404865,0.126617545644137,-2
1.17878839842173,10.2498399185547,1.14320304392599,4e-04,0.324374667404865,0.126617545644137,-2
1.20163775165469,10.2236215735701,1.13129815774118,4e-04,0.324374667404865,0.126617545644137,-2
1.20438331233116,10.2204685174932,1.1274056346225,4e-04,0.324374667404865,0.126617545644137,-2
1.20541677675361,10.219417498801,1.12610812691628,4e-04,0.324374667404865,0.126617545644137,-2
0.0602452257361995,11.0723982447313,0.0981525177177103,0.0061,2.34431078495148,0.806058402090504,-4
0.0745212184916854,11.0715236194041,0.106210937646011,0.0061,2.34431078495148,0.806058402090504,-4
0.123935669451136,11.0683371537124,0.192106717872877,0.0061,2.34431078495148,0.806058402090504,-4
0.140648721374138,11.0671444944109,0.209420849641867,0.0061,2.34431078495148,0.806058402090504,-4
0.186853507311121,11.0637047063058,0.258258559838675,0.0061,2.34431078495148,0.806058402090504,-4
0.190297443493048,11.0634360758698,0.263043710094866,0.0061,2.34431078495148,0.806058402090504,-4
0.246337897543928,11.0586578762079,0.355390347049416,0.0061,2.34431078495148,0.806058402090504,-4
0.263186143084887,11.0572056002313,0.350051210933166,0.0061,2.34431078495148,0.806058402090504,-4
0.286988600488821,11.0550696411762,0.423927931575204,0.0061,2.34431078495148,0.806058402090504,-4
0.303129465228267,11.053451097713,0.448177518902472,0.0061,2.34431078495148,0.806058402090504,-4
0.303511045210731,11.0534064578985,0.449131392818095,0.0061,2.34431078495148,0.806058402090504,-4
0.395896847488299,11.0430601484521,0.598723749083743,0.0061,2.34431078495148,0.806058402090504,-4
0.396465608035343,11.0429838786309,0.600637805013759,0.0061,2.34431078495148,0.806058402090504,-4
0.40513701971516,11.0418301144368,0.619562518462599,0.0061,2.34431078495148,0.806058402090504,-4
0.413950956532704,11.0406197901965,0.632438948585654,0.0061,2.34431078495148,0.806058402090504,-4
0.423082697883005,11.0393073207512,0.654825346942382,0.0061,2.34431078495148,0.806058402090504,-4
0.448005944548233,11.0355326678546,0.703981963500904,0.0061,2.34431078495148,0.806058402090504,-4
0.462147989343573,11.033254767345,0.723505838126661,0.0061,2.34431078495148,0.806058402090504,-4
0.474784638967035,11.0311625582974,0.732729136039848,0.0061,2.34431078495148,0.806058402090504,-4
0.492905051206554,11.0280565627708,0.773441875778694,0.0061,2.34431078495148,0.806058402090504,-4
0.50206411419548,11.0263934792923,0.792634485664136,0.0061,2.34431078495148,0.806058402090504,-4
0.502865042955211,11.0262418502306,0.794284851252825,0.0061,2.34431078495148,0.806058402090504,-4
0.539129860421039,11.019267327923,0.845031372773461,0.0061,2.34431078495148,0.806058402090504,-4
0.610271780322757,11.0021544793553,0.984493270643865,0.0061,2.34431078495148,0.806058402090504,-4
0.629613399616716,10.9969761615609,0.997728196883728,0.0061,2.34431078495148,0.806058402090504,-4
0.673015067255194,10.9846708735165,1.06983478451529,0.0061,2.34431078495148,0.806058402090504,-4
0.68706412930211,10.9801562992203,1.09971198795103,0.0061,2.34431078495148,0.806058402090504,-4
0.691532857007081,10.9786284161949,1.10694051716341,0.0061,2.34431078495148,0.806058402090504,-4
0.735904689704291,10.9625318722064,1.16867741553185,0.0061,2.34431078495148,0.806058402090504,-4
0.778925948517466,10.945306912356,1.21381197219408,0.0061,2.34431078495148,0.806058402090504,-4
0.781796482710943,10.9440774158423,1.21527114376366,0.0061,2.34431078495148,0.806058402090504,-4
0.815295885069761,10.9297791579245,1.2322787320522,0.0061,2.34431078495148,0.806058402090504,-4
0.824981876380092,10.9255687376647,1.2339544365185,0.0061,2.34431078495148,0.806058402090504,-4
0.85513932568108,10.9110926094173,1.30236704878524,0.0061,2.34431078495148,0.806058402090504,-4
0.884760872670888,10.895678635939,1.31821953702315,0.0061,2.34431078495148,0.806058402090504,-4
0.910104077229739,10.8818942883015,1.33788057400086,0.0061,2.34431078495148,0.806058402090504,-4
0.914205695804873,10.8796722136059,1.33968819044735,0.0061,2.34431078495148,0.806058402090504,-4
0.961356198739089,10.8524403011892,1.35518255630026,0.0061,2.34431078495148,0.806058402090504,-4
1.03294159006664,10.8074056077831,1.41616707531004,0.0061,2.34431078495148,0.806058402090504,-4
1.04888478022998,10.7961305599753,1.42666772348173,0.0061,2.34431078495148,0.806058402090504,-4
1.06639422617123,10.7836116323504,1.42304156730995,0.0061,2.34431078495148,0.806058402090504,-4
1.07041015094896,10.780772696942,1.41948071276743,0.0061,2.34431078495148,0.806058402090504,-4
1.09558926634757,10.7629451011208,1.40542949196743,0.0061,2.34431078495148,0.806058402090504,-4
1.11010444765335,10.7528895233992,1.404286947484,0.0061,2.34431078495148,0.806058402090504,-4
1.11496413038508,10.7493740073459,1.40472496729512,0.0061,2.34431078495148,0.806058402090504,-4
1.1387666499306,10.7322827663029,1.4184779151576,0.0061,2.34431078495148,0.806058402090504,-4
1.19102496452085,10.6918873214064,1.43456118644732,0.0061,2.34431078495148,0.806058402090504,-4
1.21343571255889,10.674094366092,1.42897573829471,0.0061,2.34431078495148,0.806058402090504,-4
1.23537102890225,10.6565355963503,1.42380594051172,0.0061,2.34431078495148,0.806058402090504,-4
1.24462157823494,10.6489339845649,1.42175227803108,0.0061,2.34431078495148,0.806058402090504,-4
0.00471381272032882,11.2691289916033,-0.298132555506976,0.0061,2.04304449482438,1.19320311864574,-1
0.0241627809884232,11.2687888839006,-0.285937894433357,0.0061,2.04304449482438,1.19320311864574,-1
0.024422684896975,11.2687840433932,-0.285764240251555,0.0061,2.04304449482438,1.19320311864574,-1
0.0549289187966837,11.268195765093,-0.185475954454396,0.0061,2.04304449482438,1.19320311864574,-1
0.0840634604406773,11.2675606480705,-0.167165188079262,0.0061,2.04304449482438,1.19320311864574,-1
0.152335429450052,11.2660322338911,-0.0323357534905553,0.0061,2.04304449482438,1.19320311864574,-1
0.189148638993365,11.2650743729581,0.0164228278950805,0.0061,2.04304449482438,1.19320311864574,-1
0.222790708349917,11.2641833400602,0.0211421044202681,0.0061,2.04304449482438,1.19320311864574,-1
0.271962191281522,11.2626859604123,0.134118904642855,0.0061,2.04304449482438,1.19320311864574,-1
0.275140480574481,11.2625858382713,0.134285057292467,0.0061,2.04304449482438,1.19320311864574,-1
0.341069253604835,11.2605542568052,0.0726065374530195,0.0061,2.04304449482438,1.19320311864574,-1
0.386614349743821,11.2593125041453,0.147138846887861,0.0061,2.04304449482438,1.19320311864574,-1
0.388615788450497,11.2592522930067,0.154650210941545,0.0061,2.04304449482438,1.19320311864574,-1
0.395045868011521,11.2590610340961,0.178509837935599,0.0061,2.04304449482438,1.19320311864574,-1
0.480427919621723,11.2564770818674,0.207320094282211,0.0061,2.04304449482438,1.19320311864574,-1
0.518907714050912,11.255255369154,0.29831402275424,0.0061,2.04304449482438,1.19320311864574,-1
0.547224546608355,11.2544255189618,0.214985033961204,0.0061,2.04304449482438,1.19320311864574,-1
0.551024187713263,11.2543215052735,0.225430005801349,0.0061,2.04304449482438,1.19320311864574,-1
0.555329718631337,11.2542006572328,0.235072698489487,0.0061,2.04304449482438,1.19320311864574,-1
0.597686263061283,11.2529984843643,0.253840379522787,0.0061,2.04304449482438,1.19320311864574,-1
0.606436921260185,11.252752227619,0.265172168828725,0.0061,2.04304449482438,1.19320311864574,-1
0.61500323545199,11.252499362721,0.284687021363468,0.0061,2.04304449482438,1.19320311864574,-1
0.635464911634089,11.2518740699681,0.322729305931283,0.0061,2.04304449482438,1.19320311864574,-1
0.66725872974413,11.2507745063245,0.39315382453337,0.0061,2.04304449482438,1.19320311864574,-1
0.701506877099486,11.2495933180572,0.383823704800942,0.0061,2.04304449482438,1.19320311864574,-1
0.702488703400341,11.249557285441,0.384961528928618,0.0061,2.04304449482438,1.19320311864574,-1
0.713874122332127,11.2491621622373,0.412108000218127,0.0061,2.04304449482438,1.19320311864574,-1
0.721512688034884,11.2488862924152,0.425365565336595,0.0061,2.04304449482438,1.19320311864574,-1
0.737217297680704,11.2482995050558,0.453222654979168,0.0061,2.04304449482438,1.19320311864574,-1
0.748752382179926,11.2478488065219,0.483482216225169,0.0061,2.04304449482438,1.19320311864574,-1
0.754473980604423,11.2476186158029,0.493340476135183,0.0061,2.04304449482438,1.19320311864574,-1
0.786993331270772,11.2462807420475,0.505301269846894,0.0061,2.04304449482438,1.19320311864574,-1
0.810874029062937,11.2452590942925,0.575262802375059,0.0061,2.04304449482438,1.19320311864574,-1
0.81324992977306,11.2451429782039,0.583713165280714,0.0061,2.04304449482438,1.19320311864574,-1
0.824944028397888,11.2445620741368,0.624333025422281,0.0061,2.04304449482438,1.19320311864574,-1
0.851786829608956,11.2431222326487,0.670700077418046,0.0061,2.04304449482438,1.19320311864574,-1
0.889924286047819,11.2407322811161,0.783068127201623,0.0061,2.04304449482438,1.19320311864574,-1
0.914349224370008,11.2388816563835,0.875639033292999,0.0061,2.04304449482438,1.19320311864574,-1
0.945919405559582,11.2359815087448,0.951771680203634,0.0061,2.04304449482438,1.19320311864574,-1
1.08451952361988,11.2205238615468,1.09459941321008,0.0061,2.04304449482438,1.19320311864574,-1
1.11317823610815,11.2169464045237,1.12798117101011,0.0061,2.04304449482438,1.19320311864574,-1
1.11834524606665,11.2163111120788,1.13175092639089,0.0061,2.04304449482438,1.19320311864574,-1
1.16216187542103,11.2104230908334,1.18230048683664,0.0061,2.04304449482438,1.19320311864574,-1
1.16750080194971,11.2096545790433,1.18550752693948,0.0061,2.04304449482438,1.19320311864574,-1
1.17293825135982,11.2089146089536,1.18749332024557,0.0061,2.04304449482438,1.19320311864574,-1
1.19007486918399,11.2065408770116,1.19108621129582,0.0061,2.04304449482438,1.19320311864574,-1
1.21259283441255,11.203325862109,1.21618268935107,0.0061,2.04304449482438,1.19320311864574,-1
1.22730989901608,11.2011541617698,1.22692460076743,0.0061,2.04304449482438,1.19320311864574,-1
1.22894875068035,11.2009228104368,1.22737935189343,0.0061,2.04304449482438,1.19320311864574,-1
1.23044998821886,11.2006914591038,1.22783410301944,0.0061,2.04304449482438,1.19320311864574,-1
